{"id":"T3B8ERFCH","createdBy":"U3BSBSFKM","url":"https://is-2016-cool.slack.com/","name":"IS-2016-cool","incoming_webhook":{"channel":"#webhook","channel_id":"C3C3WAC4S","configuration_url":"https://is-2016-cool.slack.com/services/B3D8BPCUT","url":"https://hooks.slack.com/services/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","token":"xoxp-113286865425-113895899667-114575409525-cf8c34d3bb2d70554ce1a7e2444077f3","createdBy":"U3BSBSFKM"},"bot":{"token":"xoxb-115593526534-TK2vEBOILTpPGPwq7d2rWleI","user_id":"U3DHFFGFQ","createdBy":"U3BSBSFKM","app_token":"xoxp-113286865425-113895899667-114575409525-cf8c34d3bb2d70554ce1a7e2444077f3","name":"homespy"},"token":"xoxb-115593526534-TK2vEBOILTpPGPwq7d2rWleI"}